hbase,1,4
hbase,1,4
hbase,1,4
hbase,1,4
hbase,1,4
hbase,1,4
hbase,1,4
hbase,1,4
hbase,1,4
hbase,1,4
hbase,1,4
hbase,1,4
hbase,1,4
hbase,1,4
hbase,1,4
hbase,1,4
hbase,1,4
hbase,1,4
hbase,1,4
hbase,1,4
hbase,1,4
hbase,1,4
hbase,1,4
hbase,1,4
hbase,1,4
hbase,2,4
hbase,2,4
hbase,2,4
hbase,2,4
hbase,2,4
hbase,2,4
hbase,2,4
hbase,2,4
hbase,2,4
hbase,2,4
hbase,2,4
hbase,2,4
hbase,2,4
hbase,2,4
hbase,2,4
hbase,2,4
hbase,2,4
hbase,2,4
hbase,2,4
hbase,2,4
hbase,2,4
hbase,2,4
hbase,2,4
hbase,2,4
hbase,2,4
spring-boot,1,10
spring-boot,1,10
spring-boot,1,10
spring-boot,1,10
spring-boot,1,10
spring-boot,1,10
spring-boot,1,10
spring-boot,1,10
spring-boot,1,10
spring-boot,1,10
spring-boot,2,10
spring-boot,2,10
spring-boot,2,10
spring-boot,2,10
spring-boot,2,10
spring-boot,2,10
spring-boot,2,10
spring-boot,2,10
spring-boot,2,10
spring-boot,2,10
okhttp,1,20
okhttp,1,20
okhttp,1,20
okhttp,1,20
okhttp,1,20
okhttp,2,20
okhttp,2,20
okhttp,2,20
okhttp,2,20
okhttp,2,20
achilles,1,10
achilles,1,10
achilles,1,10
achilles,1,10
achilles,1,10
achilles,1,10
achilles,1,10
achilles,1,10
achilles,1,10
achilles,1,10
achilles,2,10
achilles,2,10
achilles,2,10
achilles,2,10
achilles,2,10
achilles,2,10
achilles,2,10
achilles,2,10
achilles,2,10
achilles,2,10
